Age,,,,,,,,,,,,
"													Loan",Sec,,,,,,,,,,,
"													A/C",CD,,,,,,,,,,,
"													A/C",Online,,,,,,,,,,,
Age,Experience,Income,ZIP,family,CCAvg,Education,Mortgage,Personalloan,Seca/c,CDa/c,Onlinea/c,Card approved
27,42,101,914263,5,2,Advanced,424,0,0,0,0,1
58,0,205,941189,4,0.06,Undergraduate,582,0,0,0,1,0
42,0,137,998163,5,9.87,Graduate,238,0,0,0,1,0
34,26,75,989968,5,8.27,Undergraduate,25,0,0,0,0,1
28,29,57,938916,2,7.5,Advanced,369,0,0,0,1,0
39,12,98,940553,2,2.24,Undergraduate,51,0,0,1,0,0
50,41,87,956595,1,6.69,Advanced,604,0,0,0,0,0
48,16,198,939152,2,1.18,Graduate,316,0,0,0,0,0
45,32,191,933866,5,0.95,Advanced,190,0,0,0,1,0
58,13,72,900341,4,10.42,Graduate,193,0,0,0,1,0
52,43,10,987521,3,0.02,Undergraduate,582,0,0,0,1,1
44,27,76,998605,2,6.51,Graduate,621,0,0,0,0,1
48,29,72,964070,1,8.45,Graduate,459,0,0,0,1,0
37,16,95,932328,1,4.53,Advanced,615,0,0,0,1,0
60,42,24,909693,4,3.7,Undergraduate,586,0,0,1,1,1
29,31,108,945495,3,4.54,Graduate,487,0,0,0,0,0
43,13,206,916411,5,1.03,Advanced,426,0,0,0,0,0
36,24,83,964448,3,3.17,Advanced,572,0,0,0,0,0
54,43,24,927574,5,1.14,Graduate,345,0,1,0,1,1
26,31,18,911226,2,5.19,Advanced,394,0,0,0,1,0
70,33,88,945758,2,10.77,Advanced,352,0,0,0,0,1
43,10,199,986936,3,8.55,Undergraduate,495,0,1,0,1,0
45,21,26,984255,4,5.7,Graduate,29,0,0,0,0,0
53,26,198,975950,2,1.54,Advanced,227,0,0,0,1,1
63,0,71,910029,2,1.62,Undergraduate,586,0,0,0,0,1
46,42,73,924441,3,6.85,Graduate,34,0,0,0,1,0
31,19,74,902172,2,8.56,Graduate,385,0,0,0,0,0
49,14,121,975431,4,9.35,Undergraduate,271,0,0,0,0,0
37,41,169,985741,1,4.86,Graduate,476,0,0,0,1,1
53,16,200,995649,1,3.05,Advanced,207,0,1,0,1,1
39,0,51,949512,5,9.87,Advanced,106,0,0,0,1,0
26,6,45,911378,3,7.18,Undergraduate,502,0,0,0,1,0
62,33,195,967308,2,1.95,Undergraduate,444,0,0,0,0,1
46,32,67,988612,5,5.21,Advanced,321,0,0,0,1,0
44,10,99,956984,2,7.99,Undergraduate,199,0,0,0,0,1
35,12,131,972201,2,8.74,Advanced,209,0,0,0,1,0
67,40,111,949269,2,7.08,Undergraduate,611,0,0,0,1,0
26,9,28,914698,2,8.56,Undergraduate,380,0,0,0,1,0
23,35,135,957705,2,1.87,Undergraduate,133,0,0,0,0,1
60,6,211,942312,4,4.69,Undergraduate,171,0,0,1,1,0
66,15,64,909882,1,0.06,Undergraduate,150,1,0,0,1,1
70,43,72,928387,4,5.09,Advanced,155,0,0,0,0,1
26,22,209,913426,3,3.08,Advanced,397,0,1,0,0,1
49,27,191,957582,1,4.33,Graduate,228,0,0,0,0,1
58,15,220,983834,3,5.14,Graduate,141,0,0,0,0,1
61,16,141,969634,3,9.1,Graduate,626,1,0,0,0,1
47,30,80,961517,4,5.42,Advanced,74,0,0,0,0,0
42,27,91,910295,3,3.22,Graduate,290,0,0,0,1,0
68,21,208,952632,4,5.25,Advanced,483,0,1,0,1,0
45,43,112,913641,1,1.5,Graduate,529,0,0,0,0,0
50,23,117,903712,3,10.9,Graduate,451,0,0,0,1,0
37,29,119,961552,2,3.98,Graduate,577,0,0,0,1,0
70,34,54,963330,5,3.48,Undergraduate,598,0,0,0,0,0
65,38,159,929176,3,0.67,Graduate,120,0,1,0,1,0
66,33,207,948121,3,4.63,Graduate,427,0,0,0,1,0
70,42,57,932080,1,9,Undergraduate,186,0,0,0,0,0
31,12,168,992070,5,7.85,Undergraduate,203,0,0,0,0,0
61,3,218,975436,2,4.13,Advanced,519,0,0,0,1,0
47,43,13,926904,1,10.41,Undergraduate,476,0,0,0,1,0
63,42,160,921127,3,0.29,Undergraduate,219,0,0,0,0,0
49,10,109,988285,3,5.77,Graduate,316,0,0,0,0,1
55,43,170,921926,1,0.33,Graduate,53,0,0,1,0,0
23,2,215,950624,1,9.17,Graduate,354,0,0,0,1,1
59,31,49,960543,5,4.25,Graduate,274,0,0,0,0,0
48,42,187,931814,4,0.98,Advanced,142,0,0,0,0,1
60,29,138,950977,5,5.45,Graduate,201,0,0,0,0,1
48,18,112,997058,1,9.7,Advanced,77,0,0,0,0,0
27,26,86,945297,4,3.25,Undergraduate,175,0,0,0,1,0
35,41,170,987086,2,6.94,Undergraduate,307,0,0,0,0,0
59,26,166,928942,4,7.23,Graduate,305,0,0,0,1,1
52,1,147,987391,2,3.82,Graduate,514,1,1,0,0,0
28,33,204,949808,1,5.89,Advanced,49,0,0,0,1,0
59,12,62,976490,2,2.62,Advanced,257,0,0,0,1,0
53,23,206,906805,5,10.06,Undergraduate,178,0,0,0,0,0
27,23,135,918531,5,5.56,Graduate,490,0,0,1,1,0
60,10,167,931512,2,3.92,Graduate,245,0,0,0,0,0
43,20,55,904820,4,3.8,Advanced,138,0,0,0,1,0
56,21,185,982803,3,8.04,Advanced,0,0,0,0,1,0
64,1,187,930678,2,3.15,Advanced,45,0,0,0,0,0
54,29,121,909142,2,6.24,Undergraduate,93,0,0,0,1,0
41,11,83,916822,4,4.13,Undergraduate,126,0,0,0,1,0
58,2,110,902034,5,4.69,Graduate,613,0,0,0,1,0
34,18,48,908374,4,0.46,Undergraduate,435,0,0,0,0,0
35,12,220,930076,3,9.56,Graduate,582,1,1,0,1,0
69,4,39,946824,2,8.63,Undergraduate,584,0,0,0,1,0
31,9,52,913325,5,5.47,Graduate,577,0,0,0,1,1
46,14,180,971162,2,2.85,Advanced,314,1,0,0,1,0
64,10,169,944169,2,5.78,Advanced,604,1,0,0,1,0
51,45,218,979777,4,7.55,Graduate,260,0,0,1,1,1
48,24,195,923665,1,8.79,Graduate,62,0,0,0,1,0
55,10,82,933134,2,6.11,Undergraduate,473,0,1,0,0,1
32,7,15,947442,1,8.29,Graduate,138,0,0,1,1,1
28,13,193,901803,4,6.98,Graduate,89,0,0,0,1,1
54,32,185,907084,5,5.45,Undergraduate,8,0,0,0,0,0
40,29,135,953764,5,5.58,Undergraduate,126,0,0,0,0,0
55,5,220,905028,3,0.26,Undergraduate,442,0,0,0,1,0
26,34,161,992643,1,7.49,Advanced,230,0,1,0,1,1
25,6,60,952977,4,9.72,Graduate,51,0,1,1,0,0
47,1,25,936293,3,2.64,Advanced,108,0,0,0,0,0
33,40,59,996959,1,4.17,Undergraduate,307,0,0,0,1,0
67,42,82,998318,5,2.89,Undergraduate,474,0,0,0,1,0
67,45,118,944440,2,10.19,Undergraduate,492,0,0,0,0,1
34,27,34,968665,4,0.54,Undergraduate,299,1,0,0,1,0
49,7,73,970812,2,7.9,Graduate,406,0,0,0,1,0
42,26,112,969207,2,10.58,Graduate,214,0,1,0,1,0
34,45,37,921279,4,10.5,Advanced,610,0,0,0,0,0
49,39,45,964089,1,3.01,Advanced,73,0,0,0,1,0
24,9,113,975336,3,1.73,Undergraduate,362,0,0,0,1,0
60,36,55,906278,2,1.82,Advanced,545,0,0,0,1,0
68,37,25,914068,4,4.25,Undergraduate,463,0,0,0,1,0
39,3,112,977415,4,3.18,Graduate,546,0,0,0,1,0
58,7,70,991828,5,6.91,Graduate,222,0,1,0,0,0
28,39,26,943989,3,4.11,Advanced,103,0,0,0,0,0
29,8,136,946232,1,1.8,Undergraduate,38,0,0,0,0,0
62,27,106,995318,5,10.94,Advanced,188,0,1,0,1,0
44,25,155,902773,4,8.22,Graduate,479,0,0,0,1,1
61,34,69,968522,5,2.23,Graduate,465,0,0,0,0,0
55,25,138,987456,2,1.67,Advanced,111,0,0,0,0,0
66,25,152,938025,3,3.85,Graduate,126,0,0,0,1,0
64,30,110,985322,5,8.6,Advanced,355,1,0,0,0,0
70,33,71,936232,2,4.02,Advanced,321,0,0,0,0,0
47,36,222,934473,3,7.2,Undergraduate,209,0,1,0,0,1
55,12,35,975952,4,5.79,Advanced,575,0,0,0,0,1
68,35,29,915539,4,3.77,Advanced,112,0,0,0,1,1
29,0,20,972196,1,3.41,Graduate,448,0,0,0,1,0
28,9,34,952481,5,4.74,Graduate,569,0,1,0,1,0
62,2,203,920613,3,0.1,Graduate,612,0,0,0,1,0
55,42,16,991143,1,2.07,Undergraduate,264,0,1,0,0,0
62,4,102,938030,4,8.52,Graduate,425,0,1,0,0,1
32,7,142,931954,1,3.54,Advanced,283,0,0,0,0,0
44,34,76,956316,3,3.02,Undergraduate,471,0,0,0,0,0
28,11,177,956496,2,8.89,Advanced,572,0,0,0,1,0
54,19,75,936347,4,1.12,Graduate,586,0,0,0,0,1
70,36,190,918474,2,6.97,Graduate,224,0,0,0,0,0
47,14,72,901793,1,7.9,Graduate,407,0,0,0,1,0
60,6,57,908870,4,4.63,Advanced,312,1,0,0,0,0
67,3,55,981830,3,0.71,Advanced,331,1,0,0,0,0
61,38,19,900402,3,10.25,Undergraduate,6,0,0,0,1,1
63,17,73,916042,4,0.02,Advanced,56,0,0,0,0,0
38,13,97,903298,1,5.6,Advanced,224,0,0,0,0,0
27,7,211,988730,5,8.92,Graduate,175,0,0,0,0,1
65,43,24,954334,1,1.43,Undergraduate,513,1,0,0,0,0
63,38,58,981461,3,2.82,Graduate,301,0,0,0,1,0
65,26,156,980974,2,9.73,Advanced,439,0,0,0,1,0
56,30,175,950219,3,7.24,Advanced,88,1,1,0,1,0
38,5,147,958295,3,4.16,Advanced,328,0,1,0,0,1
45,43,26,902169,4,9.64,Undergraduate,447,0,0,0,0,0
39,9,125,948206,3,8.15,Undergraduate,631,0,0,0,1,0
62,0,76,990345,2,9.01,Graduate,274,0,0,0,0,0
23,33,34,980769,2,6.85,Graduate,516,0,1,0,1,0
49,30,116,942595,5,2.07,Advanced,66,0,0,0,1,0
50,4,36,948231,2,10.89,Undergraduate,576,0,0,1,0,0
37,11,66,996841,5,9.36,Graduate,567,0,0,1,0,1
58,7,11,924153,5,10.39,Undergraduate,425,0,0,0,0,1
70,7,39,988113,2,9.57,Graduate,194,0,0,0,0,1
54,14,186,976950,4,8.98,Advanced,200,0,0,0,1,0
64,26,135,937905,4,8.34,Advanced,122,0,0,0,1,0
62,29,106,976148,3,5.33,Graduate,217,0,0,0,0,0
30,36,82,953961,1,10.76,Undergraduate,560,0,0,0,1,1
49,44,136,950674,2,5.93,Undergraduate,222,0,0,0,1,0
25,29,40,940306,2,9.77,Advanced,160,0,0,0,1,0
64,33,173,951093,4,7.66,Advanced,91,0,0,0,1,0
46,19,83,983444,1,4.4,Undergraduate,313,0,0,0,0,0
69,20,213,939242,4,11,Advanced,202,0,0,0,1,0
43,20,77,985085,4,1.55,Advanced,227,0,0,0,0,0
62,30,191,988976,1,10.94,Graduate,599,0,0,0,1,0
37,20,12,907094,2,3.54,Advanced,456,0,0,0,0,1
44,45,214,933192,2,2.39,Graduate,140,0,0,0,0,1
44,32,67,934053,1,10.59,Undergraduate,88,0,0,0,0,1
41,28,42,980975,4,8.39,Graduate,403,0,0,1,1,0
60,33,208,958767,3,7.29,Graduate,117,0,0,0,1,0
40,36,177,950340,2,2.45,Advanced,569,0,0,0,1,0
67,37,57,941646,5,1.09,Graduate,568,0,0,0,0,0
54,18,120,923488,3,5.32,Advanced,58,0,0,0,0,0
70,4,133,926676,4,10.53,Undergraduate,180,0,0,0,0,0
54,36,199,991861,4,4.61,Advanced,541,0,0,0,1,0
54,36,217,981160,4,6.59,Advanced,533,0,0,0,1,0
42,11,223,980288,1,1.47,Graduate,508,0,0,0,1,0
65,37,50,927295,2,9.56,Graduate,345,1,0,0,0,0
65,17,11,969784,3,3.86,Advanced,223,0,0,0,1,0
59,16,206,968320,4,10.9,Graduate,620,0,0,0,0,0
63,42,219,919169,5,3.37,Undergraduate,287,0,0,0,1,0
41,35,131,952800,4,8.45,Graduate,139,0,0,0,1,1
62,42,71,923277,3,8.15,Graduate,38,0,0,0,0,0
42,25,141,946665,3,3.62,Undergraduate,6,0,0,0,1,0
69,24,144,973428,1,3.75,Advanced,168,0,0,0,0,0
24,6,27,968948,2,3.07,Undergraduate,329,0,0,0,1,0
57,30,196,978102,3,3.83,Undergraduate,601,0,0,0,0,0
26,30,130,932808,3,8.39,Undergraduate,111,0,0,0,0,0
45,41,92,980467,2,6.24,Advanced,546,0,0,0,0,1
36,3,51,952766,3,0.92,Advanced,564,0,0,0,0,0
35,6,43,916140,2,5.61,Advanced,82,0,0,0,0,1
35,30,70,942629,5,10.81,Graduate,8,0,0,0,0,0
34,0,46,968370,1,7.98,Advanced,546,0,0,0,1,1
45,35,28,996490,2,3.18,Advanced,329,0,0,0,1,0
26,21,121,939224,2,0.56,Graduate,610,0,1,0,0,0
45,20,117,937223,4,0.55,Graduate,517,0,0,0,1,0
24,31,24,984050,4,1.44,Graduate,570,0,0,0,1,1
28,34,192,988136,3,7.55,Undergraduate,517,0,0,0,1,1
42,6,112,945466,2,10.7,Advanced,266,0,0,0,0,0
31,12,76,986838,3,5.73,Graduate,162,0,0,0,1,0
69,36,91,939262,3,8.8,Advanced,87,0,1,0,0,0
64,6,188,954272,4,6.28,Graduate,21,0,0,1,1,0
23,36,38,941783,2,8.28,Advanced,537,0,0,0,1,1
69,26,205,902028,1,9.1,Undergraduate,358,0,0,0,1,1
51,8,140,964805,4,9.02,Advanced,587,0,0,0,0,0
53,38,25,936520,5,6.47,Undergraduate,53,0,0,0,0,0
48,26,157,919102,5,9.64,Graduate,277,0,0,0,1,0
31,22,139,932152,4,6.78,Undergraduate,438,0,0,0,0,1
32,27,201,965594,1,9.55,Advanced,243,0,0,0,0,0
35,29,130,986914,3,2.55,Advanced,414,0,0,0,1,1
31,5,134,923470,4,0.85,Advanced,218,0,0,0,1,0
63,38,47,944733,1,1.44,Undergraduate,25,0,0,1,0,0
70,24,211,955371,3,8.3,Graduate,154,0,0,0,1,1
42,44,144,950938,5,0.75,Advanced,465,0,0,0,0,0
56,7,29,904750,1,7.15,Undergraduate,85,0,0,1,0,1
28,44,118,939004,4,10.67,Undergraduate,375,0,0,0,0,0
23,0,25,982249,3,5.88,Undergraduate,534,0,0,0,1,0
27,40,142,962263,1,9.04,Advanced,140,0,0,0,1,0
62,20,47,912794,3,2.77,Undergraduate,238,0,0,0,1,0
26,39,175,919586,5,10.88,Advanced,543,0,0,0,0,0
34,3,100,990768,1,4,Undergraduate,567,0,0,0,0,1
38,42,39,907160,5,5.28,Undergraduate,593,0,0,0,0,1
53,28,56,922292,1,7.32,Undergraduate,526,0,1,0,1,0
31,6,9,943430,4,2.73,Advanced,279,1,1,0,0,0
47,28,22,933442,3,0.92,Advanced,456,0,0,0,0,1
60,33,34,905870,1,9.19,Advanced,501,0,0,0,1,1
30,1,126,977685,5,7.86,Graduate,157,0,0,0,0,1
44,9,193,996366,5,7.8,Undergraduate,175,0,1,0,1,0
40,34,79,918031,2,2.23,Advanced,503,0,0,0,1,0
64,5,72,966345,5,3.74,Graduate,406,0,1,0,0,0
49,20,200,957097,1,0.88,Graduate,326,0,0,0,0,1
39,25,210,957966,4,2.59,Advanced,325,0,0,0,1,0
62,18,79,929896,2,6.04,Advanced,185,0,0,1,0,0
34,12,172,920516,4,5.18,Graduate,275,0,0,0,0,0
30,38,41,922833,5,10.97,Graduate,436,0,0,0,0,1
47,31,157,905101,4,7.45,Advanced,244,0,0,0,0,0
29,29,82,990037,2,9.61,Graduate,215,0,0,0,0,0
33,0,79,913302,5,1.71,Advanced,296,0,0,0,0,0
27,45,220,943996,2,2.01,Advanced,86,0,0,0,1,1
29,41,165,935708,5,4,Advanced,502,0,0,0,1,1
56,0,31,952088,2,0.4,Undergraduate,31,0,0,0,0,0
51,0,110,931658,3,5.54,Graduate,340,0,0,0,1,0
66,2,155,988527,2,2.74,Undergraduate,337,0,0,0,1,0
27,15,156,983173,4,9.67,Advanced,244,0,0,0,0,1
58,40,56,925075,2,8.51,Undergraduate,22,0,0,0,1,1
47,18,209,977396,5,10,Advanced,544,0,0,0,1,0
24,29,55,948795,2,4.94,Advanced,536,0,0,0,0,0
56,24,24,990393,1,3.8,Graduate,465,0,0,0,1,0
33,7,190,951486,4,0.95,Undergraduate,453,0,1,0,1,0
58,8,130,926121,3,10.9,Advanced,491,0,0,0,0,1
25,28,225,981161,4,3.63,Undergraduate,227,0,0,0,0,0
62,27,209,918788,3,6.48,Advanced,435,0,1,0,0,1
31,37,85,967677,2,4.25,Advanced,23,0,1,0,0,1
23,15,186,916659,5,3.94,Graduate,249,0,0,0,1,0
50,43,224,988957,5,6.05,Undergraduate,297,0,0,0,1,0
26,25,196,914080,2,6.96,Graduate,73,0,0,0,0,0
63,33,211,907410,3,2.81,Graduate,370,0,0,0,1,1
65,5,35,970320,4,5.81,Advanced,383,1,0,0,1,0
44,39,76,919822,3,5.65,Undergraduate,327,0,0,0,0,0
59,43,43,957204,4,1.01,Undergraduate,480,0,0,0,0,0
60,45,139,953782,2,9.13,Graduate,378,0,0,0,0,1
49,5,124,964380,1,3.35,Advanced,461,0,0,0,1,0
43,42,81,918015,1,1.63,Graduate,627,0,1,0,0,0
64,36,200,991892,2,3.07,Advanced,427,0,0,0,1,0
65,23,217,927296,3,4.98,Advanced,575,0,0,0,1,0
48,19,200,905531,2,5.22,Undergraduate,118,0,0,0,1,0
31,11,65,996569,1,1.26,Undergraduate,183,0,0,0,0,0
47,37,145,994547,5,10.45,Graduate,325,0,1,0,0,0
66,3,188,969396,5,6.47,Advanced,232,0,0,0,0,0
35,8,94,943500,5,4.47,Graduate,223,0,0,1,0,0
45,6,152,926225,1,6.51,Graduate,309,0,0,1,1,1
70,34,193,965356,2,3.44,Graduate,566,0,0,0,1,0
59,26,115,924442,3,7.85,Advanced,134,0,1,0,0,0
33,12,213,924514,5,3.09,Advanced,335,0,0,0,0,1
49,39,143,959833,4,8.88,Graduate,32,0,0,0,0,1
45,28,61,941498,5,3.86,Advanced,157,0,0,0,0,0
52,6,138,991168,4,3.56,Advanced,530,0,0,0,1,0
61,15,121,939280,3,6.73,Undergraduate,482,0,0,0,1,0
28,27,158,961826,2,3.35,Advanced,251,0,0,0,1,0
47,28,37,973117,3,8.55,Undergraduate,411,0,0,0,1,0
28,15,67,955300,3,0.64,Graduate,328,0,0,0,0,0
58,25,24,948339,2,5.92,Graduate,346,0,0,0,1,0
59,5,136,925306,2,8.1,Advanced,215,0,0,0,0,1
62,14,143,917452,2,5.35,Graduate,596,0,1,0,0,0
43,30,77,937378,1,4.41,Advanced,263,0,0,1,0,0
47,45,205,929065,5,3.13,Advanced,580,0,1,0,0,0
60,45,71,995463,3,6.55,Undergraduate,311,0,0,0,0,0
64,34,174,909241,1,3.54,Advanced,379,0,0,0,1,0
70,15,151,943651,1,3.51,Graduate,165,0,0,0,0,1
24,10,144,965161,1,2.37,Undergraduate,537,0,0,0,1,0
58,33,83,990440,5,10.61,Undergraduate,185,0,0,0,0,0
55,2,79,994327,2,0.07,Undergraduate,232,0,0,0,1,0
30,25,17,988959,4,9.78,Undergraduate,292,1,0,0,1,0
38,19,124,973723,4,6.62,Undergraduate,499,0,0,0,1,0
46,22,161,933355,5,10.11,Undergraduate,301,0,0,0,1,0
27,5,135,945362,1,5.54,Advanced,420,0,0,0,1,0
34,32,142,960512,4,0.24,Graduate,578,0,0,0,1,0
33,44,123,911586,3,9.84,Undergraduate,534,0,1,0,1,0
57,16,159,972018,2,7.16,Advanced,531,0,0,0,1,0
29,29,215,928915,2,7.54,Graduate,47,0,0,0,0,1
25,8,19,955962,1,6.72,Graduate,602,0,0,0,0,0
27,13,90,934496,5,8.53,Graduate,269,0,0,1,1,0
30,0,148,949138,5,3.17,Advanced,380,0,0,0,0,1
33,4,157,968392,3,5.43,Advanced,262,0,0,0,0,0
28,7,111,991009,5,7.56,Graduate,482,0,0,0,1,0
28,28,40,989580,5,5.64,Graduate,245,0,0,0,1,0
39,3,182,993231,2,6.06,Advanced,235,0,0,0,0,0
23,6,173,958316,1,0.07,Undergraduate,81,0,0,0,0,0
67,21,16,993868,3,9.85,Advanced,371,0,0,0,0,0
27,38,100,965874,1,3.86,Advanced,256,0,0,0,0,0
69,27,23,927654,4,6.74,Undergraduate,217,0,0,0,1,0
41,17,54,943770,2,0.24,Undergraduate,152,0,1,1,0,0
46,2,30,972221,1,9.05,Graduate,334,0,0,0,0,0
50,15,91,922395,4,7.72,Graduate,9,0,0,0,0,0
56,45,162,969846,5,3.55,Undergraduate,592,0,1,0,0,0
25,20,102,976150,5,7.81,Graduate,544,0,0,0,0,1
39,4,209,913333,1,0.46,Advanced,15,0,0,0,0,0
48,13,165,953700,3,6.63,Graduate,596,1,0,0,1,0
40,28,37,902467,3,1.14,Undergraduate,135,0,0,0,0,1
54,32,96,925426,2,6.32,Advanced,242,0,0,1,1,0
66,12,117,990136,5,0.54,Undergraduate,17,0,0,0,1,0
53,7,170,923865,1,0.18,Advanced,371,0,0,0,0,0
41,3,38,943083,5,10.87,Advanced,83,0,1,0,0,0
70,39,25,970769,4,3.95,Advanced,623,0,0,0,1,1
68,14,110,910920,3,8.31,Undergraduate,365,0,0,0,1,0
69,21,150,916918,4,5.37,Graduate,315,0,0,0,0,0
34,33,127,950128,2,8.64,Advanced,249,0,0,0,1,1
67,37,78,917591,1,9.01,Graduate,339,0,0,0,1,0
40,13,194,928818,4,8.11,Graduate,570,0,0,0,1,1
57,45,93,969375,1,10.31,Graduate,402,0,0,0,1,1
23,41,217,931027,4,10.17,Advanced,335,0,0,0,1,0
34,30,149,966652,2,3.78,Graduate,460,0,0,0,0,0
56,30,173,966892,3,3.2,Graduate,613,0,0,0,1,0
40,10,89,935521,3,10.87,Advanced,473,0,0,0,1,0
32,24,95,941282,5,3.51,Graduate,254,0,0,0,0,0
46,12,140,901608,5,3.67,Advanced,367,1,0,0,1,0
59,22,136,935380,2,2.68,Graduate,304,0,0,0,0,0
63,10,28,949020,3,6.55,Advanced,279,0,1,0,1,0
44,41,143,932691,1,2.69,Graduate,385,0,0,0,1,0
23,7,28,932425,4,3.08,Undergraduate,520,0,0,0,1,0
37,11,224,963473,2,2.55,Graduate,20,0,0,0,0,0
36,35,27,910222,3,4.32,Graduate,503,0,0,0,0,0
51,30,23,988465,3,3.29,Graduate,48,0,1,0,1,0
68,33,198,923283,2,6.31,Undergraduate,256,0,0,0,0,1
67,17,21,970329,1,5.26,Undergraduate,357,1,0,0,0,0
60,17,150,911697,2,0.55,Undergraduate,187,0,1,0,0,0
35,40,132,978780,3,3.54,Undergraduate,63,0,0,0,1,1
68,26,24,953774,5,3.34,Graduate,168,0,0,0,1,0
24,7,83,907207,5,0.17,Advanced,168,0,0,0,1,0
43,26,140,998886,2,1.7,Advanced,225,0,0,0,0,1
47,7,76,909257,1,8.39,Advanced,551,0,0,0,1,0
70,35,206,918696,2,2.27,Graduate,591,0,0,0,1,0
26,24,195,983185,4,9.3,Graduate,450,0,0,0,1,1
24,21,209,982236,3,1.64,Advanced,628,0,0,0,0,0
52,30,109,944024,5,8.24,Advanced,211,1,0,0,1,0
66,30,156,972364,3,1.77,Undergraduate,131,0,0,0,1,0
45,29,138,963046,4,4.73,Advanced,306,0,0,0,0,1
55,24,52,987243,5,10.46,Advanced,612,0,0,0,0,0
56,31,93,971165,2,8.46,Advanced,409,0,0,0,1,0
60,21,192,955535,3,3,Advanced,202,1,0,0,0,0
48,11,146,992145,2,8.88,Undergraduate,56,0,0,0,0,0
66,10,31,927940,4,4.66,Graduate,170,1,0,0,1,0
68,17,30,969394,1,9.18,Graduate,67,0,0,0,1,0
40,41,151,907583,1,4.95,Undergraduate,524,0,0,0,1,0
37,4,174,963568,5,10.33,Graduate,50,0,0,0,1,0
58,34,71,909777,5,2.62,Graduate,79,0,0,0,1,0
29,6,61,940488,2,6.12,Advanced,568,0,0,0,0,0
37,44,126,912260,1,4.64,Undergraduate,184,0,0,0,0,0
46,6,45,931953,5,8.47,Graduate,48,0,0,0,1,0
29,27,119,940871,3,1.29,Advanced,300,0,0,0,1,0
68,7,141,925013,5,5.83,Undergraduate,255,0,0,0,1,0
53,45,28,902996,1,10.95,Advanced,52,0,0,0,0,0
67,13,32,962620,5,1.56,Advanced,157,0,0,0,0,0
38,36,103,948114,1,2.93,Undergraduate,320,1,0,0,1,0
55,3,173,987539,1,8.91,Advanced,79,0,0,0,1,0
44,12,76,927330,1,9.97,Advanced,583,0,0,0,1,0
53,42,132,964265,3,3.84,Advanced,160,0,0,0,0,1
48,27,43,946752,3,6.57,Graduate,392,0,0,0,1,0
61,5,158,950635,1,6.37,Undergraduate,115,0,0,0,1,0
35,18,45,912371,3,3.71,Advanced,457,1,0,0,0,0
43,36,97,912488,3,0.84,Undergraduate,173,0,1,0,0,0
58,10,20,979380,1,9.61,Undergraduate,231,0,1,0,0,0
69,0,40,904379,2,9.64,Graduate,467,0,0,1,1,0
64,40,93,912972,4,0.7,Undergraduate,164,1,0,0,0,0
36,38,223,982748,3,3.7,Graduate,151,0,1,0,1,0
27,16,123,952631,5,1.03,Graduate,82,0,0,0,1,0
29,8,159,959103,4,2.54,Graduate,359,0,1,0,0,0
54,5,90,981641,1,0.29,Graduate,611,0,0,0,1,1
23,32,94,914565,4,5.63,Undergraduate,254,0,0,0,1,0
32,38,203,936194,3,6.94,Undergraduate,446,0,0,0,0,1
25,8,130,987408,2,7.31,Undergraduate,530,0,0,0,1,1
45,30,182,970662,5,9.72,Graduate,114,0,0,0,0,0
28,28,178,971814,3,2.49,Undergraduate,603,0,1,0,0,0
33,18,198,989478,5,7.23,Undergraduate,237,0,0,0,1,1
43,3,207,951210,1,4.7,Advanced,98,0,0,0,1,0
28,44,196,949546,4,2.21,Undergraduate,342,0,0,0,1,1
32,16,29,970313,4,0.61,Advanced,176,0,0,1,0,0
49,34,176,998680,3,9.13,Graduate,110,0,0,0,1,1
55,42,140,953819,5,3.35,Graduate,309,1,1,0,0,0
25,42,128,991580,4,10.2,Graduate,35,0,0,0,1,0
33,7,76,993132,1,6.19,Advanced,83,0,0,0,1,0
40,0,31,963480,1,5.68,Advanced,122,0,0,0,0,0
55,10,75,997503,4,2.4,Undergraduate,115,0,0,0,1,0
42,37,194,908188,4,5.74,Graduate,13,0,0,0,0,0
66,5,166,969572,3,10.29,Graduate,522,0,1,0,0,0
24,34,130,912011,3,1.35,Advanced,219,0,0,0,0,0
57,5,30,949017,5,5.88,Advanced,601,0,0,0,0,0
59,12,8,966387,5,2.13,Undergraduate,8,0,0,0,1,0
44,12,37,934768,3,2.44,Graduate,216,0,0,0,0,0
63,38,94,964106,2,10.95,Undergraduate,139,0,0,0,1,1
30,38,142,921194,1,9.94,Graduate,8,0,0,0,0,0
56,23,32,984806,1,9.49,Advanced,72,0,0,0,0,0
62,0,99,926748,1,5.51,Advanced,48,0,0,0,0,0
50,26,111,901487,2,9.8,Graduate,158,0,0,0,0,0
24,6,99,988606,5,5.95,Graduate,508,0,0,0,1,0
49,20,29,920048,5,9.59,Advanced,173,0,0,0,0,1
31,43,63,902724,3,8.09,Advanced,184,0,0,1,0,0
62,25,69,972998,5,7.91,Graduate,31,0,0,0,1,1
66,38,33,963951,1,2.37,Graduate,560,0,0,0,1,0
68,28,167,939709,3,9.04,Undergraduate,506,0,0,0,1,0
65,37,19,928808,3,0.11,Graduate,147,0,0,0,0,1
36,41,209,949700,3,0.19,Undergraduate,141,0,0,0,0,0
33,29,29,918772,3,4.31,Graduate,515,0,0,0,0,0
24,0,94,999812,5,7,Advanced,218,0,1,1,1,1
60,34,99,931834,4,3.25,Undergraduate,575,0,0,0,1,0
36,2,101,978864,4,8.25,Graduate,130,0,0,0,0,0
65,5,115,945296,5,2.95,Graduate,425,0,0,0,0,1
29,3,144,918687,4,3.53,Advanced,275,0,1,0,1,1
51,4,45,930696,4,4.99,Advanced,202,0,1,0,0,1
24,31,94,994663,1,1.42,Graduate,584,0,0,0,0,0
50,36,21,995584,4,4.2,Undergraduate,346,0,0,0,0,0
23,20,36,958170,3,9.07,Undergraduate,187,1,0,1,1,0
58,8,217,982928,3,3.15,Advanced,450,0,0,0,1,0
34,37,205,930700,4,6.51,Undergraduate,35,0,1,0,0,0
65,2,161,916185,1,10.91,Advanced,88,0,0,0,1,0
60,32,31,987204,1,7.26,Undergraduate,604,0,0,0,0,1
53,23,17,947584,4,5.79,Advanced,304,0,0,0,0,1
30,28,180,919073,1,7.17,Advanced,386,0,0,0,0,0
43,40,112,993291,1,7.51,Advanced,609,0,0,0,0,0
46,35,145,993189,4,7.51,Undergraduate,242,0,0,0,0,1
51,7,159,944952,3,3.22,Advanced,127,0,0,0,0,0
29,0,83,937964,1,10.9,Graduate,162,1,0,0,0,1
28,1,138,919598,5,7.92,Graduate,52,0,0,0,1,1
39,15,29,972170,2,7.65,Undergraduate,282,0,0,0,1,1
64,29,192,992641,5,2.7,Graduate,58,0,0,0,1,0
65,44,155,952788,1,9.18,Advanced,28,1,0,0,1,1
38,11,79,966748,4,9.49,Advanced,61,0,0,0,0,0
25,21,110,931662,4,7.47,Advanced,391,0,0,0,0,0
47,25,107,946318,5,4.25,Graduate,88,0,0,0,1,1
70,29,190,931339,3,7.65,Undergraduate,554,0,0,0,0,0
41,2,90,979943,5,3.63,Advanced,593,0,0,0,0,0
55,0,219,904845,1,4.73,Advanced,536,0,0,0,1,0
69,5,142,957263,4,0.07,Advanced,299,0,0,1,0,0
62,38,86,994784,1,7.74,Graduate,555,1,0,0,1,0
66,39,20,979142,1,4.54,Undergraduate,391,0,0,0,1,0
64,13,83,925251,1,3.09,Advanced,130,0,0,0,1,1
39,23,161,932516,2,9.37,Undergraduate,546,0,0,0,1,0
41,22,132,904306,5,8.83,Undergraduate,201,0,0,0,1,1
52,4,76,946334,2,4.28,Graduate,461,0,0,0,1,0
48,22,27,967362,4,0.96,Advanced,398,0,0,0,0,0
35,22,105,979347,1,8.44,Undergraduate,581,0,0,0,1,0
60,8,59,997908,2,8.12,Advanced,223,0,1,0,1,0
53,26,197,926875,3,9.12,Graduate,291,0,0,0,0,1
61,2,70,954129,4,8.22,Advanced,256,0,0,0,1,1
52,13,170,995434,4,3.46,Advanced,177,0,0,0,1,0
24,30,82,925186,5,8.79,Advanced,626,0,0,0,0,0
60,36,72,913537,5,5.32,Graduate,225,0,0,0,1,0
65,5,220,961266,4,4.24,Advanced,441,0,1,0,0,0
32,44,143,998143,2,6.09,Undergraduate,10,0,0,0,1,0
45,9,185,908529,3,8.38,Undergraduate,399,0,0,0,1,0
34,27,140,982458,3,0.57,Advanced,70,0,0,0,1,0
51,20,167,911914,4,0.05,Graduate,396,0,0,1,0,0
24,36,188,955728,2,4.97,Undergraduate,201,0,0,0,0,1
60,11,96,910782,5,5.55,Graduate,23,0,0,0,0,1
54,45,224,944993,1,6.66,Graduate,109,0,0,0,1,0
40,20,178,943371,2,6.67,Graduate,579,0,0,0,0,1
27,10,190,920122,5,9.02,Undergraduate,345,0,0,0,1,0
26,39,198,937118,2,1.12,Advanced,579,0,1,0,1,0
65,44,167,903415,4,10.02,Graduate,384,0,0,0,1,0
69,34,150,928050,1,10.39,Graduate,165,0,1,0,1,0
59,23,170,986838,5,5.97,Graduate,551,0,0,0,0,0
58,34,68,991809,2,6.35,Graduate,308,0,0,0,1,0
44,40,145,912527,3,8.7,Undergraduate,72,0,0,0,0,0
31,26,77,983993,3,5.13,Advanced,223,0,0,0,0,0
45,40,19,931049,5,7.44,Undergraduate,277,1,0,0,0,0
62,30,211,924327,1,0.16,Graduate,585,0,0,0,1,0
59,6,59,997914,4,1.71,Advanced,398,0,0,0,1,1
38,37,104,912266,5,6.85,Graduate,96,0,0,0,0,0
25,10,214,968797,2,4.68,Graduate,309,0,1,0,1,0
27,38,110,997401,2,9.25,Undergraduate,503,0,0,0,1,0
38,4,107,912581,1,4.28,Graduate,68,0,0,0,1,1
41,1,224,990719,3,0.9,Undergraduate,452,0,0,0,0,0
43,34,83,938284,4,9.43,Graduate,422,0,0,0,1,1
49,1,77,974612,5,6.53,Undergraduate,430,1,1,0,1,0
64,9,60,907692,4,10.3,Advanced,143,0,0,0,1,0
47,10,73,944704,3,3.29,Undergraduate,57,0,0,0,0,1
59,21,195,973555,5,5.77,Graduate,586,0,0,0,0,0
43,0,45,974764,4,9.58,Advanced,63,0,0,0,1,0
60,22,92,982939,2,2.26,Graduate,615,0,0,0,1,0
32,15,173,951378,3,4.95,Graduate,611,0,0,0,0,0
67,4,28,995739,3,10.71,Undergraduate,162,0,0,0,1,0
51,4,180,997429,1,1.84,Advanced,301,0,0,0,0,0
42,14,90,985077,4,9.58,Graduate,523,0,0,0,0,0
51,4,205,928769,2,8.78,Undergraduate,266,0,0,0,0,1
25,36,18,953029,5,5.84,Graduate,605,0,0,0,0,0
39,42,124,959481,1,8.89,Undergraduate,224,0,0,0,1,0
24,40,95,991328,3,6.76,Graduate,71,0,0,0,0,0
38,18,211,978370,2,8.84,Advanced,292,0,0,0,0,0
40,8,23,923205,3,4.74,Graduate,485,0,0,0,1,1
62,33,62,946180,3,6.73,Graduate,194,0,0,0,1,0
23,14,218,955069,5,8.77,Advanced,380,0,0,0,0,0
69,5,124,967179,3,3.79,Graduate,540,0,0,0,0,0
42,8,18,962339,3,7.92,Advanced,470,0,0,0,1,0
48,35,70,914676,4,9.49,Undergraduate,624,0,1,0,0,0
67,24,137,953023,2,4.33,Undergraduate,111,0,0,0,0,0
49,9,203,924926,4,8.33,Undergraduate,351,0,0,0,1,1
61,14,133,935661,3,0.83,Undergraduate,506,0,0,0,0,0
40,3,96,910919,1,4.13,Undergraduate,499,0,0,0,1,0
51,36,77,983086,5,9.64,Advanced,342,0,0,0,0,0
25,33,56,941658,5,9.59,Advanced,49,0,0,0,0,0
54,32,161,969769,3,3.12,Undergraduate,281,0,0,0,0,0
36,7,188,961502,4,3.27,Graduate,216,0,0,0,0,0
68,15,101,904179,4,3.41,Graduate,163,0,0,0,1,0
46,28,211,970457,1,8.14,Advanced,497,0,0,0,1,0
38,12,51,939842,5,10.54,Undergraduate,388,1,0,0,1,0
63,8,117,974045,3,9.9,Advanced,623,0,0,0,1,0
39,6,108,968679,3,1.73,Advanced,415,0,0,0,0,1
44,35,122,988614,2,8.27,Undergraduate,328,0,0,0,0,0
56,28,34,957872,5,8.13,Undergraduate,516,0,0,0,1,0
65,31,105,919382,2,8.78,Graduate,91,0,0,0,1,0
40,17,168,960228,3,0.69,Graduate,69,0,0,0,0,1
61,21,81,995860,1,0.03,Graduate,527,0,0,1,1,0
53,44,22,963398,3,8.57,Undergraduate,55,0,0,0,1,0
37,10,113,976253,3,5.53,Advanced,628,0,0,0,0,1
45,21,172,936046,5,5.64,Graduate,601,0,0,0,0,0
50,31,55,981130,1,3.44,Undergraduate,221,0,0,0,1,0
43,42,223,947113,3,9.81,Advanced,457,0,0,0,0,0
46,1,144,924849,5,1.18,Graduate,466,0,0,0,0,0
47,26,163,991815,1,3.88,Graduate,502,0,0,0,0,1
29,31,165,920960,1,6.09,Undergraduate,588,0,0,0,0,0
23,33,65,985772,5,2.3,Undergraduate,44,0,0,0,1,0
50,25,172,943978,1,7.94,Graduate,380,0,0,0,1,0
26,29,93,981813,2,1.3,Advanced,229,0,0,0,1,1
25,29,174,954018,3,6.12,Undergraduate,491,0,0,0,0,1
47,35,81,994856,3,10.67,Graduate,286,0,0,0,0,1
31,37,159,998871,4,8.51,Undergraduate,147,0,0,0,0,0
29,36,207,925388,1,9.81,Undergraduate,89,0,0,0,0,0
46,41,219,959905,5,5.9,Undergraduate,308,0,0,0,0,0
35,37,134,915686,2,0.91,Graduate,267,0,0,0,0,0
43,32,181,943878,3,1.04,Advanced,280,0,0,0,0,1
55,37,223,911709,3,4.62,Graduate,575,0,0,0,1,0
36,36,76,934713,1,10.5,Undergraduate,443,0,0,0,1,0
46,27,106,913695,1,2.8,Graduate,106,0,0,0,1,0
26,0,182,956645,3,3.57,Advanced,404,0,0,0,0,0
47,5,221,961738,2,6.9,Graduate,382,0,0,0,1,0
46,35,68,978006,4,8.74,Graduate,480,0,0,0,1,0
57,16,150,907754,2,4.29,Advanced,619,1,0,0,0,1
52,2,205,935403,4,1.75,Undergraduate,554,0,0,0,1,0
57,38,80,928695,2,2,Undergraduate,369,0,0,0,1,0
30,18,100,904222,2,9.92,Undergraduate,144,0,0,0,1,1
58,40,24,965717,4,10.52,Undergraduate,274,0,0,0,0,1
67,34,143,988536,2,5.17,Undergraduate,535,1,0,0,0,0
28,32,162,911772,5,0.61,Graduate,35,0,0,0,1,0
65,5,138,957730,3,9.75,Graduate,330,0,0,0,0,1
36,6,74,931548,3,3.12,Undergraduate,31,1,0,0,1,0
36,36,64,911414,1,10.94,Graduate,383,0,1,0,1,0
66,10,91,908768,3,4.4,Advanced,298,0,0,0,1,0
32,34,34,908732,5,1.55,Undergraduate,413,0,0,0,0,0
67,1,177,988793,3,0.32,Graduate,518,0,0,0,0,1
45,18,195,934445,2,9.58,Undergraduate,148,0,0,0,1,0
62,43,190,975312,5,3.84,Undergraduate,487,0,1,0,1,0
49,11,19,984797,4,3.05,Graduate,616,0,0,0,0,0
52,16,82,969692,1,8.81,Undergraduate,614,0,0,0,0,0
48,25,54,922895,5,1.98,Graduate,89,0,0,0,1,0
38,14,28,907978,2,3.55,Advanced,200,0,0,1,1,0
42,30,13,999797,1,6.53,Undergraduate,415,0,0,0,0,0
66,24,28,946817,3,3.53,Undergraduate,30,0,0,0,1,0
69,31,41,990737,3,5.02,Undergraduate,236,0,1,0,1,0
25,2,110,942037,2,3.99,Advanced,183,0,1,0,1,0
65,10,17,902365,3,1.76,Advanced,564,0,0,0,0,0
64,13,113,943177,4,1.86,Undergraduate,541,0,0,0,0,1
52,1,190,962193,1,6.59,Graduate,488,0,0,0,0,0
33,13,155,949165,2,1.13,Graduate,497,0,0,0,1,0
53,10,71,956336,3,0.69,Graduate,92,0,0,0,1,0
29,14,107,967367,5,2.66,Advanced,274,0,0,0,0,0
50,29,198,992210,3,4.24,Graduate,55,0,0,0,1,1
32,8,53,927678,4,10,Advanced,252,0,0,0,0,0
59,18,169,948486,1,7.9,Graduate,529,0,0,0,0,1
53,31,29,923429,2,1.69,Graduate,538,1,0,0,0,0
34,37,88,959064,1,4.82,Advanced,238,0,0,0,0,0
31,36,183,907010,2,4.01,Undergraduate,360,0,0,0,0,0
58,12,68,914572,4,3.15,Advanced,18,0,0,0,1,0
61,30,48,929840,3,6.09,Graduate,290,0,1,0,1,0
29,20,172,919606,4,1.92,Undergraduate,455,0,0,0,1,0
50,37,180,960416,1,10.35,Advanced,413,0,0,0,0,1
58,5,218,927852,3,10.85,Graduate,271,0,0,0,0,0
52,3,118,998626,4,6.74,Graduate,323,0,0,0,1,0
26,0,90,964924,1,3.12,Graduate,175,0,0,0,0,0
34,16,145,920090,5,8.68,Undergraduate,432,0,0,0,1,1
51,18,82,994566,4,4.21,Undergraduate,149,0,0,1,1,1
23,35,113,915528,2,9.34,Graduate,42,0,0,0,0,0
41,16,166,901493,5,0.75,Undergraduate,622,0,0,0,1,1
32,12,137,905546,4,9.55,Graduate,52,0,0,0,0,0
34,6,154,946140,2,0.9,Advanced,413,0,0,0,1,0
40,5,204,974222,1,1.94,Graduate,171,0,0,0,0,0
34,34,121,932005,5,1.58,Graduate,149,0,0,0,1,1
39,34,156,905133,3,0.84,Graduate,603,0,0,0,0,0
38,8,90,956403,3,3.02,Graduate,304,0,0,0,1,0
54,35,71,909676,5,8.16,Graduate,40,0,0,0,0,1
41,41,106,993486,2,6.08,Graduate,473,0,0,0,0,0
46,32,202,900199,3,10.74,Advanced,540,0,0,0,0,0
23,36,192,933424,3,8.19,Graduate,193,1,0,0,0,0
29,39,132,905200,2,4.16,Undergraduate,130,0,0,0,0,1
35,3,29,907248,5,0.58,Undergraduate,152,0,0,0,1,0
63,36,157,961032,4,2.88,Graduate,334,0,0,0,0,0
24,34,13,980345,1,2.71,Graduate,25,0,0,0,0,0
23,4,212,951227,3,9.33,Graduate,224,0,0,0,1,1
41,14,218,969596,1,2.38,Undergraduate,444,0,0,0,1,0
29,6,42,967880,4,2.53,Undergraduate,588,0,0,0,1,0
47,44,203,996377,2,10.69,Advanced,538,0,0,1,1,1
50,4,65,989897,1,10.24,Graduate,349,0,0,0,0,0
43,43,132,926222,2,7.05,Graduate,281,0,1,0,0,0
37,7,180,945847,1,9.31,Undergraduate,488,0,0,0,0,1
23,4,26,928136,1,7.52,Graduate,263,0,0,0,0,0
29,28,172,917606,4,10.76,Advanced,68,0,0,0,0,0
52,29,28,978301,4,4.58,Advanced,293,0,0,0,1,1
64,34,166,952147,4,7.53,Advanced,26,1,0,0,1,0
60,36,23,900235,5,10.29,Undergraduate,90,0,0,0,1,1
58,9,199,966878,5,8.98,Advanced,394,0,0,1,1,1
50,33,66,964856,4,9.36,Advanced,629,0,0,0,0,1
37,27,189,940620,2,4.59,Graduate,261,0,0,0,0,1
38,31,17,965293,3,6.61,Undergraduate,449,0,0,0,1,0
56,39,40,915795,5,7.69,Advanced,353,0,0,0,1,1
24,44,40,977095,4,6.03,Undergraduate,586,0,0,0,1,0
68,19,139,904796,1,3.69,Graduate,145,0,0,0,0,0
51,41,192,993191,3,1.07,Advanced,235,0,0,0,1,0
25,42,166,903502,4,6.66,Undergraduate,551,0,0,0,0,0
28,6,120,924791,1,8.19,Graduate,502,0,1,0,0,1
34,42,110,985265,3,8.62,Undergraduate,385,0,0,0,1,0
53,17,216,912752,4,6.59,Graduate,630,0,0,0,0,0
35,1,200,970359,2,0.49,Graduate,555,0,0,0,0,0
58,36,82,929699,3,10.7,Advanced,170,0,0,0,1,0
31,30,110,995554,5,1.51,Advanced,572,0,1,0,0,0
57,1,174,923793,1,0.05,Undergraduate,196,0,0,0,0,0
70,11,198,970741,4,3.24,Graduate,327,1,0,0,0,0
45,8,44,930026,5,9.21,Undergraduate,385,0,0,1,1,1
35,8,157,948569,1,8.65,Advanced,226,0,0,0,1,1
39,7,10,973953,2,6.9,Graduate,166,0,0,0,1,0
44,5,164,979440,2,1.05,Graduate,9,0,0,0,1,0
48,29,180,900403,1,6.39,Graduate,564,0,0,0,0,1
28,20,77,918580,3,2.87,Advanced,504,0,0,0,0,1
67,39,59,936357,3,9.65,Advanced,588,0,0,0,0,0
27,18,30,937803,2,4.6,Graduate,463,0,1,0,1,0
36,33,167,920025,2,9.14,Advanced,75,0,0,0,1,0
54,15,106,982004,4,8.27,Graduate,516,0,0,0,0,0
54,0,146,967922,2,0.47,Undergraduate,330,0,0,0,1,0
27,26,48,940757,1,6.06,Advanced,56,0,0,0,0,0
54,31,193,938100,3,9.1,Advanced,576,0,0,1,0,0
23,8,153,948652,1,6.54,Graduate,37,0,0,0,0,0
26,16,8,958280,5,1.66,Advanced,503,0,0,0,1,0
54,4,62,940214,5,8.87,Undergraduate,479,0,0,0,0,1
44,30,181,922184,4,2.46,Graduate,626,0,1,0,0,0
61,6,116,940973,5,4.65,Graduate,435,0,0,0,0,0
34,41,58,919483,2,0.41,Undergraduate,334,0,0,1,0,0
28,12,151,934960,2,5.53,Graduate,577,0,0,0,1,0
50,14,26,936435,3,8.72,Advanced,334,0,0,0,0,0
54,0,192,931972,2,8.34,Advanced,451,0,0,0,0,0
33,30,145,975863,5,9.83,Advanced,243,0,0,0,1,0
44,22,31,962057,4,1.36,Advanced,351,0,0,0,0,0
32,9,160,907983,1,3.95,Graduate,535,0,0,1,1,0
60,8,12,958864,1,3.14,Undergraduate,208,0,0,0,0,0
48,2,174,962856,4,8.17,Graduate,540,0,1,0,0,0
64,35,108,969236,4,10.76,Undergraduate,14,0,0,0,1,0
28,27,114,945816,5,7.91,Graduate,585,0,0,0,1,0
24,20,135,909458,3,2.94,Advanced,363,0,0,0,1,0
60,10,40,998877,2,9.37,Undergraduate,50,0,0,0,1,0
33,3,37,980179,3,0.78,Undergraduate,119,0,0,0,1,0
28,7,108,988111,5,3.72,Advanced,482,0,0,0,1,0
46,26,143,913167,5,8.44,Advanced,465,0,0,0,0,0
47,18,11,958569,2,8.91,Undergraduate,180,0,0,0,1,0
52,20,189,992801,4,0.53,Undergraduate,391,0,0,0,1,0
31,43,196,991721,1,5.73,Graduate,591,0,0,0,0,0
58,34,37,924845,2,2.97,Graduate,354,1,0,0,0,0
54,17,126,911831,1,0.64,Graduate,424,0,0,0,0,0
42,1,182,939341,5,10.62,Undergraduate,382,0,1,1,1,1
52,19,140,979481,3,1.33,Undergraduate,115,0,0,0,0,0
43,29,126,914225,3,1.46,Advanced,256,0,0,0,0,0
35,3,212,977938,3,5.75,Graduate,98,0,0,0,0,0
36,1,160,979678,2,4.38,Undergraduate,374,0,0,0,1,1
39,7,63,978287,3,8.16,Advanced,171,0,0,0,1,0
38,36,31,990222,1,2.46,Graduate,454,0,1,0,0,0
61,1,24,999126,1,1.1,Undergraduate,43,0,0,0,0,0
68,33,125,979516,1,3.87,Advanced,487,0,0,0,0,0
55,35,18,941542,3,1.25,Undergraduate,408,0,0,0,1,0
69,34,27,901393,4,8.58,Graduate,435,0,0,0,1,0
33,45,181,997639,2,9.56,Advanced,579,0,0,1,0,0
65,18,197,981837,4,7.6,Advanced,606,0,1,0,1,0
25,4,213,971481,2,9.2,Graduate,420,0,0,0,0,0
39,4,67,905887,5,1.56,Undergraduate,12,0,1,0,0,1
59,16,44,994889,1,9.25,Graduate,177,0,0,0,1,0
23,26,72,965526,5,6.47,Undergraduate,78,0,0,0,1,0
59,6,80,930655,4,3.67,Graduate,602,0,0,0,1,0
45,3,14,955361,5,7.61,Advanced,611,0,1,0,1,0
57,29,116,967332,1,10.93,Advanced,114,0,0,0,1,0
48,1,199,904827,3,2.1,Graduate,97,0,0,0,1,0
64,35,49,968601,4,6.24,Graduate,378,0,0,0,1,0
26,36,53,979446,4,3.58,Advanced,547,0,0,0,0,0
58,28,142,971999,3,6.79,Undergraduate,559,0,0,0,1,0
34,17,158,970835,1,10.54,Advanced,71,0,0,0,1,0
38,21,54,982592,3,9.17,Undergraduate,264,0,0,0,1,0
62,10,222,963971,2,2.56,Undergraduate,85,0,0,0,1,0
66,40,58,935224,4,8.95,Graduate,262,0,0,0,1,1
44,5,79,902799,1,3.42,Advanced,561,0,0,0,1,0
54,21,36,995214,1,1.49,Undergraduate,213,0,0,0,0,0
26,36,16,974521,1,8.01,Graduate,463,0,0,0,0,0
54,17,70,907882,3,2.05,Advanced,226,0,0,0,1,0
56,6,66,923731,5,9.02,Graduate,169,0,0,0,0,1
69,21,223,983915,3,6.5,Graduate,80,0,0,0,1,0
27,31,171,972718,4,10.38,Advanced,438,0,0,0,0,0
50,28,109,923413,4,8.12,Undergraduate,69,1,0,0,1,0
23,41,97,905115,4,7.49,Graduate,417,0,1,0,1,0
37,25,201,959806,2,8.91,Advanced,62,0,0,0,0,1
66,5,67,991115,4,3.15,Undergraduate,604,0,0,1,0,0
56,45,27,931599,3,0.08,Advanced,223,0,0,0,0,0
42,23,147,997980,3,1.97,Graduate,420,0,0,0,0,0
65,18,44,960341,2,0.31,Advanced,342,0,0,0,1,0
57,4,150,999732,1,4.67,Graduate,343,0,0,0,1,1
65,11,117,941248,5,2.51,Advanced,11,0,0,0,0,0
61,7,198,993598,4,3.03,Advanced,419,0,0,0,0,0
65,7,193,926475,1,5.64,Undergraduate,615,0,0,0,0,0
62,31,127,920709,5,5.01,Advanced,392,0,0,0,1,1
42,4,60,986173,4,0.75,Advanced,419,0,0,0,1,0
51,39,182,918409,4,4.35,Undergraduate,481,0,0,0,1,1
24,30,101,942028,3,9.66,Graduate,245,0,1,0,0,0
34,22,122,991169,5,10.17,Graduate,503,0,0,1,0,1
36,45,167,962172,5,2.25,Undergraduate,298,0,0,0,1,0
32,10,35,926207,5,7.21,Undergraduate,161,0,0,0,0,1
50,3,96,963127,5,8.33,Advanced,495,0,0,0,0,0
43,9,200,991371,4,7.93,Advanced,20,0,0,0,1,0
69,1,60,984651,3,9.04,Graduate,513,0,0,0,1,1
69,40,21,953629,2,4.76,Advanced,519,0,1,0,0,0
56,24,43,926358,3,7.06,Undergraduate,600,0,1,0,0,0
30,3,211,945223,5,1.47,Graduate,88,0,1,0,1,1
24,3,208,983697,2,8.64,Graduate,185,0,0,0,0,0
29,43,127,972013,3,1.64,Advanced,546,0,0,0,0,1
31,2,128,990246,4,10.15,Advanced,429,0,0,0,1,0
28,22,19,911396,1,7.23,Undergraduate,160,0,1,0,0,1
26,38,23,981338,2,1.87,Undergraduate,554,0,0,0,1,0
48,39,107,938496,5,10.07,Advanced,428,0,1,0,0,0
48,16,49,933694,5,1.33,Graduate,518,0,0,0,0,1
40,44,142,941097,1,1.81,Undergraduate,299,0,0,0,1,0
35,5,98,951672,5,6.3,Graduate,574,0,0,1,1,0
60,20,165,900044,3,1.38,Advanced,98,1,0,0,0,1
64,26,78,989930,3,10.24,Undergraduate,137,0,0,0,1,0
37,6,116,926838,4,3.46,Graduate,627,0,0,0,0,0
44,43,20,938007,5,4.32,Advanced,433,0,0,0,1,0
23,41,86,972082,1,7.16,Undergraduate,186,0,0,0,0,0
40,27,15,968702,4,3.16,Graduate,26,0,0,0,1,0
42,17,174,940930,4,8.23,Graduate,168,0,0,0,0,0
53,13,67,958206,2,1.47,Advanced,265,0,0,0,1,0
41,40,86,939169,2,8.4,Advanced,627,1,0,0,0,0
49,27,192,988386,1,3.21,Undergraduate,230,0,1,0,1,1
53,4,76,971208,2,9.11,Graduate,626,0,0,0,1,0
52,1,146,921274,1,2.66,Advanced,469,0,0,0,1,1
49,20,70,912748,2,9.82,Advanced,324,0,0,0,1,0
56,5,55,979202,5,6.07,Advanced,265,0,0,0,0,0
70,23,121,961579,4,4.12,Graduate,48,0,0,0,1,0
42,17,79,964522,1,7.32,Advanced,281,0,1,0,1,1
48,9,40,978707,4,3.58,Graduate,118,0,0,0,1,0
30,20,68,940802,1,6.96,Undergraduate,382,0,0,0,1,1
61,26,144,907021,3,8.23,Undergraduate,568,0,0,0,1,0
49,10,103,994114,2,2.7,Undergraduate,454,0,0,0,1,0
49,11,204,953998,2,1.89,Graduate,234,0,0,0,1,0
43,27,211,970746,3,0.53,Undergraduate,176,0,0,0,1,1
27,11,150,995363,1,3.11,Graduate,277,0,1,0,0,0
52,13,182,909474,3,7.69,Undergraduate,398,0,0,0,0,1
26,29,171,936394,5,0.72,Graduate,618,0,0,0,0,0
38,22,147,961360,4,2.85,Undergraduate,75,0,0,0,1,0
46,4,61,949992,2,10.04,Advanced,129,0,0,0,1,1
54,45,109,970168,4,5.56,Advanced,574,0,0,0,0,0
49,30,68,914006,1,8.33,Graduate,235,0,0,0,0,0
30,26,8,960881,3,5.16,Undergraduate,188,0,0,0,1,1
40,0,169,952215,5,3.14,Undergraduate,61,0,0,0,0,0
27,13,157,905527,1,1.5,Advanced,209,0,0,1,0,0
64,6,175,929689,4,3.44,Undergraduate,314,0,1,0,0,1
41,13,192,991030,4,2.49,Advanced,424,0,1,0,0,1
59,9,201,934177,4,10.67,Graduate,126,0,0,0,1,0
40,10,212,994449,2,6.61,Undergraduate,504,0,0,0,0,0
44,42,52,924120,5,9.2,Advanced,94,0,0,0,1,0
27,39,76,949479,1,0.63,Advanced,64,0,0,0,1,0
30,35,95,971010,5,9.79,Undergraduate,127,0,0,0,1,1
65,40,14,951777,4,9.15,Advanced,593,0,0,0,1,1
38,34,108,924479,3,4.08,Undergraduate,397,0,0,0,1,0
35,18,139,982498,4,6.42,Advanced,367,0,0,1,1,1
58,33,89,961528,2,1.04,Undergraduate,62,0,0,0,1,0
35,34,38,945961,5,4.1,Undergraduate,516,0,0,0,0,0
52,8,147,934360,4,7.77,Graduate,114,0,0,0,1,0
33,10,110,992648,5,7.17,Undergraduate,13,0,1,0,0,1
44,15,36,955488,5,1.02,Advanced,262,0,0,0,1,0
65,1,209,973249,2,4.21,Advanced,434,0,0,0,1,0
68,35,171,933201,5,6.72,Graduate,412,0,1,0,1,0
57,32,104,939386,2,6.34,Advanced,537,0,0,0,0,0
50,19,11,920917,5,3.08,Graduate,258,0,0,1,0,0
62,8,43,975054,3,3.28,Advanced,9,0,0,0,0,1
57,3,194,970094,4,6.13,Undergraduate,238,0,0,0,0,1
26,11,114,965333,5,5.86,Undergraduate,7,0,0,0,0,1
53,1,117,958484,1,5.85,Graduate,628,1,0,0,1,0
25,40,19,920922,2,1.8,Undergraduate,83,0,0,0,1,1
42,8,73,935145,4,8.06,Undergraduate,142,1,0,0,0,0
32,28,96,900230,2,2.91,Graduate,597,0,0,0,1,0
61,13,113,994315,2,8.97,Advanced,234,0,0,0,0,0
46,23,64,955430,2,8.83,Undergraduate,600,1,0,0,1,1
63,20,89,928611,5,7.11,Undergraduate,94,0,0,0,1,1
29,24,105,904075,1,9.06,Advanced,45,0,0,0,0,0
30,30,85,925276,2,8.3,Advanced,196,0,0,0,1,0
44,14,121,920049,1,5.96,Advanced,87,0,0,0,0,0
57,22,34,942617,2,5.87,Advanced,129,0,0,0,1,0
29,13,223,932770,3,10.09,Advanced,295,0,0,0,0,0
38,24,41,932112,5,2.37,Advanced,67,0,0,0,1,0
28,2,24,958146,3,7.39,Graduate,110,0,0,0,0,0
41,45,114,901050,5,4.1,Undergraduate,131,0,0,0,0,1
26,39,117,998331,4,9.69,Graduate,523,0,0,0,0,1
58,24,73,904418,3,5.99,Advanced,623,0,0,0,1,1
64,36,125,902195,2,8.95,Advanced,271,0,0,0,1,0
33,6,188,923286,2,5.56,Advanced,483,0,0,0,1,0
49,19,214,934508,3,6.84,Advanced,391,0,0,0,0,0
58,1,38,995775,2,5.61,Undergraduate,64,0,0,0,1,0
38,41,33,905821,1,7.45,Advanced,445,0,0,0,1,0
65,5,66,997271,2,9.13,Advanced,551,0,0,0,0,0
63,31,122,922998,2,9.65,Advanced,290,0,0,0,0,0
23,17,152,954537,4,2.05,Undergraduate,22,0,0,0,1,0
44,16,11,994315,3,0.44,Advanced,213,0,0,0,0,0
55,25,73,911480,5,4.49,Advanced,287,0,0,0,1,1
24,29,159,978646,2,7.32,Undergraduate,352,0,0,0,1,0
61,30,123,928706,5,2.76,Graduate,408,0,0,0,1,0
66,30,10,991335,2,9.9,Graduate,248,0,0,0,0,1
31,43,49,936377,4,9.54,Undergraduate,536,0,0,0,1,0
65,43,73,905718,1,7.88,Advanced,170,0,0,0,1,0
26,32,178,961428,4,2.06,Advanced,114,0,0,0,0,1
48,3,40,915699,3,0.31,Advanced,425,0,0,0,1,0
45,32,167,955396,5,1.08,Graduate,358,0,0,0,1,1
51,33,25,995131,3,7.01,Undergraduate,339,0,0,0,1,0
63,3,34,970427,5,9.59,Graduate,628,0,0,0,0,0
46,5,184,989027,5,5.89,Graduate,367,0,0,0,0,0
23,34,137,984275,4,1.63,Undergraduate,409,0,0,1,0,0
59,44,102,964472,3,3.55,Graduate,59,0,0,1,1,0
31,40,18,963322,3,10.49,Graduate,11,0,0,0,1,0
62,20,58,928239,1,0.23,Graduate,186,0,0,0,0,0
68,1,131,940304,5,10.82,Advanced,277,0,0,0,1,0
38,11,107,946666,2,9.81,Graduate,453,0,0,0,1,0
34,45,218,918548,5,5.07,Undergraduate,169,0,0,0,1,0
42,12,217,918180,2,4.53,Graduate,449,0,0,0,1,0
48,10,67,924382,4,5.48,Undergraduate,206,0,0,0,0,1
62,21,189,989557,4,3.64,Undergraduate,127,0,0,0,1,0
28,15,218,991290,3,2.58,Advanced,516,0,0,0,1,0
51,20,195,969998,1,8.23,Advanced,220,0,0,0,1,0
23,25,158,913778,5,8.1,Graduate,607,0,0,0,1,0
46,0,169,934793,4,8.62,Undergraduate,33,0,0,0,1,0
27,13,171,903186,4,8.9,Advanced,124,0,0,0,0,0
29,32,174,977525,3,5.21,Graduate,155,0,0,0,1,0
41,28,225,972270,1,2.81,Graduate,26,0,1,0,1,0
49,11,140,910287,5,8.37,Advanced,375,0,0,0,1,1
68,42,88,992729,5,10.31,Advanced,554,0,0,0,1,0
58,16,34,919710,4,5.09,Graduate,60,0,0,0,1,0
31,43,106,968762,2,7.16,Advanced,335,0,1,0,0,1
55,27,134,924781,3,1.94,Graduate,32,0,0,1,0,0
67,42,69,944536,1,9.12,Advanced,213,0,0,0,0,1
47,9,163,924938,1,7.25,Undergraduate,178,0,0,0,1,1
59,44,163,980923,3,7.99,Undergraduate,73,0,0,0,1,0
66,32,150,966098,4,9.67,Undergraduate,29,0,0,0,1,1
26,44,181,938020,3,2.83,Advanced,80,0,0,0,0,1
27,27,206,999947,2,4.47,Graduate,241,0,0,0,1,0
23,23,153,915742,3,9.7,Graduate,415,0,0,0,0,0
36,0,164,926960,5,2.8,Undergraduate,215,0,0,0,0,0
34,18,106,938616,1,2.97,Advanced,264,0,0,0,1,0
53,27,82,978302,1,6.54,Advanced,53,0,1,0,0,0
28,39,112,949722,3,2.28,Undergraduate,435,0,0,0,0,0
60,17,73,922727,4,10.41,Graduate,420,0,1,0,1,0
50,10,34,976479,2,2.63,Undergraduate,389,0,1,0,0,1
48,9,201,974894,3,1.55,Advanced,24,0,0,0,1,1
33,43,183,928665,2,4.4,Undergraduate,358,0,0,0,0,0
64,34,119,999840,5,8.91,Advanced,44,0,0,0,1,1
56,14,111,903942,3,4.53,Graduate,358,0,0,0,0,1
49,2,182,984869,5,7.2,Undergraduate,348,0,0,0,1,0
49,28,22,906878,5,0.33,Advanced,374,0,0,0,0,1
51,25,50,959293,4,6.26,Graduate,227,0,0,0,1,0
70,17,215,974518,4,3.52,Graduate,413,0,0,0,0,0
34,3,16,962511,1,9.38,Graduate,31,0,1,0,0,1
52,13,193,951548,3,9.76,Undergraduate,246,0,0,0,1,1
44,26,129,901159,3,4.33,Graduate,91,0,0,0,1,0
44,23,52,933553,2,5.59,Graduate,504,0,0,0,0,1
52,38,149,907147,5,9.69,Advanced,477,0,0,0,1,0
68,28,104,960853,2,0.34,Advanced,58,0,0,0,1,0
47,23,50,970327,5,4.53,Advanced,154,0,0,0,1,1
61,45,103,917185,2,5.75,Advanced,493,0,0,0,0,0
35,2,182,995036,5,5.12,Advanced,198,0,0,0,1,1
37,2,77,924269,5,3.95,Graduate,81,0,0,0,1,1
50,35,13,907881,5,9.69,Advanced,130,0,0,0,1,1
35,13,129,936042,1,10.18,Graduate,44,0,0,0,1,0
70,36,63,981052,2,2.74,Undergraduate,262,0,0,0,1,0
35,6,27,929303,4,5.97,Undergraduate,204,0,0,0,1,1
26,15,216,916100,5,1.91,Advanced,575,0,0,0,1,1
30,32,179,916132,2,5.57,Advanced,85,0,0,0,0,0
46,21,133,948872,1,8.21,Undergraduate,21,0,0,0,1,0
47,9,136,908229,5,3.03,Undergraduate,9,0,0,0,0,0
44,36,153,910305,3,6.91,Advanced,486,0,0,0,0,0
30,12,149,999146,2,0.08,Graduate,97,0,0,0,1,0
25,14,81,992090,2,3.49,Undergraduate,437,0,0,0,0,1
29,38,168,909231,1,0.34,Advanced,391,0,0,0,1,0
59,21,188,905402,4,8.61,Advanced,70,0,0,0,1,0
53,20,22,933275,2,5.08,Graduate,364,0,0,0,0,0
44,41,100,977622,4,0.46,Advanced,546,0,0,0,0,0
42,25,142,929361,3,6.62,Advanced,209,0,0,0,1,0
50,33,10,904958,2,2.94,Graduate,191,0,0,0,0,1
44,19,36,955979,5,6.62,Graduate,591,0,0,0,0,0
40,41,199,969157,5,6.92,Advanced,191,0,0,0,0,0
68,3,121,990751,2,2.95,Undergraduate,534,0,0,0,0,0
37,33,156,923536,1,5.79,Advanced,227,0,0,0,1,1
29,20,84,937919,1,5.78,Undergraduate,575,0,0,0,0,0
31,5,201,959872,2,4.64,Graduate,459,0,0,0,0,1
65,28,109,997833,4,1.92,Graduate,78,1,0,0,1,1
42,29,186,975905,5,5.72,Graduate,208,0,0,0,1,1
59,22,203,923019,4,0.66,Graduate,127,0,0,0,0,1
53,1,150,934506,2,10.57,Graduate,306,0,0,0,1,0
34,32,110,985133,3,8.37,Advanced,475,0,0,0,1,0
47,13,98,935719,1,8.12,Advanced,301,0,0,0,1,0
55,3,155,978841,3,5.81,Graduate,363,0,0,0,0,0
36,40,75,904157,4,10.36,Graduate,230,0,0,0,1,1
44,42,63,902610,5,9.08,Undergraduate,468,0,0,0,1,0
50,10,76,999370,1,1.95,Advanced,200,0,0,0,1,0
49,12,132,964444,4,1.13,Advanced,559,0,0,0,0,0
61,14,18,943060,3,7.62,Graduate,376,0,0,1,1,1
28,42,121,969623,3,2.85,Undergraduate,46,0,0,0,1,1
63,24,164,947895,4,0.08,Advanced,437,0,0,0,1,1
48,14,160,923327,4,4.4,Graduate,426,0,0,0,1,0
67,34,48,996578,3,10.97,Advanced,141,0,0,0,0,0
28,43,63,978747,2,6.44,Undergraduate,558,0,0,0,1,1
40,40,187,954172,3,5.59,Graduate,302,0,0,0,1,1
56,29,41,924853,1,1.95,Undergraduate,517,0,0,0,1,1
48,4,183,987907,1,10.55,Graduate,501,0,0,0,1,0
29,20,193,957812,2,0.27,Advanced,384,0,0,1,0,0
70,11,29,931213,5,6.11,Graduate,606,0,0,0,1,0
55,1,95,909220,5,5.62,Undergraduate,31,0,0,0,0,0
25,3,206,972636,1,10.19,Advanced,411,0,0,0,1,1
29,9,78,914708,3,9.03,Advanced,12,0,0,0,1,0
49,44,98,958719,4,1.77,Advanced,435,0,0,1,0,0
43,41,100,987322,2,0.41,Advanced,538,0,0,0,1,0
25,36,105,904558,4,2.13,Graduate,612,0,0,0,0,1
51,6,104,955939,1,9.57,Graduate,229,0,0,0,1,1
52,1,188,981686,2,2.95,Advanced,10,0,0,0,1,0
28,27,220,921411,2,3.88,Undergraduate,627,0,1,1,1,1
49,1,21,957234,2,9.84,Undergraduate,555,0,0,0,1,0
62,37,203,903066,5,8.7,Undergraduate,132,0,0,0,1,0
48,29,209,913645,2,4.4,Graduate,86,1,0,0,0,0
28,0,124,996252,1,10.11,Advanced,26,0,0,0,1,0
41,17,26,916872,4,1.08,Advanced,598,0,0,0,0,0
59,18,105,914747,5,10.76,Graduate,418,1,0,1,0,1
34,12,14,951878,5,3.65,Undergraduate,567,0,0,0,0,0
68,41,85,988375,5,0.1,Undergraduate,354,0,0,0,1,0
68,27,19,997980,2,0.75,Undergraduate,447,0,0,0,1,0
34,27,74,977358,5,7.4,Undergraduate,174,0,0,0,1,0
64,9,52,936471,2,8.44,Graduate,220,1,1,0,0,0
37,20,138,964592,3,6.5,Advanced,534,0,0,0,0,0
38,11,117,939470,2,5.87,Advanced,389,0,1,0,1,0
37,2,176,952859,1,4.1,Graduate,631,0,0,0,1,0
59,12,37,920929,4,8.51,Undergraduate,319,1,0,0,0,0
29,27,140,946622,5,2.62,Graduate,51,0,0,0,0,0
49,16,56,953988,2,10.08,Advanced,345,1,0,0,0,0
53,15,41,940503,4,10.22,Undergraduate,578,0,0,0,1,1
